compensation_id,employee_id,base_salary,allowance,bonus,overtime_pay,total_income,salary_grade,effective_date
1,1001,23960000,4190000,1230000,220000,29600000,G5,2025-01-01
2,1002,12000000,1820000,2440000,420000,16680000,G2,2025-01-01
3,1003,25540000,4500000,1890000,570000,32500000,G5,2025-01-01
4,1004,10000000,1540000,1350000,30000,12920000,G2,2025-01-01
5,1005,28000000,5600000,5300000,570000,39470000,G6,2025-01-01
6,1006,22000000,4360000,5390000,250000,32000000,G5,2025-01-01
7,1007,16000000,1640000,1710000,130000,19480000,G3,2025-01-01
8,1008,14000000,2240000,980000,80000,17300000,G3,2025-01-01
9,1009,26130000,2940000,4320000,410000,33800000,G6,2025-01-01
10,1010,28000000,4930000,5630000,640000,39200000,G5,2025-01-01
11,1011,12510000,2340000,1990000,630000,17470000,G3,2025-01-01
12,1012,12850000,2480000,1440000,610000,17380000,G3,2025-01-01
13,1013,6220000,940000,570000,660000,8390000,G2,2025-01-01
14,1014,23690000,4290000,3110000,70000,31160000,G6,2025-01-01
15,1015,26000000,3240000,3040000,130000,32410000,G5,2025-01-01
16,1016,16550000,3000000,2380000,510000,22440000,G3,2025-01-01
17,1017,7730000,1300000,760000,290000,10080000,G2,2025-01-01
18,1018,7980000,1380000,1740000,340000,11440000,G2,2025-01-01
19,1019,26000000,3610000,5590000,200000,35400000,G5,2025-01-01
20,1020,7910000,1250000,820000,430000,10410000,G2,2025-01-01
21,1021,25350000,4070000,1270000,80000,30770000,G6,2025-01-01
22,1022,7060000,1110000,1500000,410000,10080000,G2,2025-01-01
23,1023,24750000,3050000,2470000,30000,30300000,G6,2025-01-01
24,1024,13820000,1760000,1000000,0,16580000,G3,2025-01-01
25,1025,28000000,3960000,3310000,310000,35580000,G6,2025-01-01
26,1026,6940000,950000,1700000,270000,9860000,G2,2025-01-01
27,1027,7770000,1440000,620000,270000,10100000,G2,2025-01-01
28,1028,12860000,1150000,1370000,190000,15570000,G2,2025-01-01
29,1029,12880000,2430000,800000,320000,16430000,G3,2025-01-01
30,1030,17000000,3190000,2960000,300000,23450000,G6,2025-01-01
31,1031,36000000,5710000,4300000,450000,46460000,G6,2025-01-01
32,1032,7250000,1070000,930000,110000,9360000,G2,2025-01-01
33,1033,21770000,2690000,3200000,150000,27810000,G6,2025-01-01
34,1034,40000000,4440000,7770000,370000,52580000,G6,2025-01-01
35,1035,36560000,6580000,7290000,10000,50440000,G6,2025-01-01
36,1036,34980000,4490000,7410000,530000,47410000,G6,2025-01-01
37,1037,11960000,2150000,1870000,130000,16110000,G3,2025-01-01
38,1038,8150000,830000,1660000,540000,11180000,G2,2025-01-01
39,1039,7750000,920000,1520000,500000,10690000,G2,2025-01-01
40,1040,7940000,950000,1040000,590000,10520000,G2,2025-01-01
41,1041,7290000,1070000,650000,170000,9180000,G2,2025-01-01
42,1042,10370000,840000,790000,160000,12160000,G2,2025-01-01
43,1043,7920000,900000,1050000,30000,9900000,G2,2025-01-01
44,1044,13530000,1490000,3350000,380000,18750000,G3,2025-01-01
45,1045,8600000,1180000,490000,10000,10280000,G2,2025-01-01
46,1046,13870000,2200000,1940000,150000,18160000,G3,2025-01-01
47,1047,13810000,2490000,2880000,380000,19560000,G3,2025-01-01
48,1048,22120000,2830000,2650000,460000,28060000,G3,2025-01-01
49,1049,24050000,2930000,3180000,230000,30390000,G5,2025-01-01
50,1050,16680000,2130000,2260000,240000,21310000,G3,2025-01-01
51,1051,15890000,2880000,1950000,440000,21160000,G6,2025-01-01
52,1052,8600000,990000,1700000,510000,11800000,G2,2025-01-01
53,1053,6580000,960000,1200000,160000,8900000,G2,2025-01-01
54,1054,24780000,2980000,4350000,620000,32730000,G5,2025-01-01
55,1055,15210000,2510000,5440000,330000,23490000,G5,2025-01-01
56,1056,17700000,2980000,4050000,80000,24810000,G3,2025-01-01
57,1057,14160000,1570000,1360000,570000,17660000,G3,2025-01-01
58,1058,18880000,3170000,4530000,650000,27230000,G3,2025-01-01
59,1059,14380000,2710000,1170000,700000,18960000,G3,2025-01-01
60,1060,8990000,1280000,1550000,560000,12380000,G2,2025-01-01
61,1061,6700000,1160000,1370000,10000,9240000,G2,2025-01-01
62,1062,15880000,3060000,3570000,80000,22590000,G3,2025-01-01
63,1063,15410000,2620000,3700000,80000,21810000,G3,2025-01-01
64,1064,13480000,2340000,1040000,360000,17220000,G3,2025-01-01
65,1065,11280000,2150000,1710000,420000,15560000,G3,2025-01-01
66,1066,9810000,1310000,1550000,180000,12850000,G2,2025-01-01
67,1067,6750000,960000,1490000,140000,9340000,G2,2025-01-01
68,1068,28000000,4250000,4900000,50000,37200000,G6,2025-01-01
69,1069,30770000,3390000,2130000,190000,36480000,G6,2025-01-01
70,1070,8720000,1550000,1640000,600000,12510000,G2,2025-01-01
71,1071,25850000,4500000,4590000,60000,35000000,G6,2025-01-01
72,1072,26000000,3740000,5950000,450000,36140000,G5,2025-01-01
73,1073,9270000,950000,740000,250000,11210000,G2,2025-01-01
74,1074,14410000,2370000,2890000,180000,19850000,G3,2025-01-01
75,1075,38130000,6010000,5540000,340000,50020000,G6,2025-01-01
76,1076,7790000,1370000,1170000,550000,10880000,G2,2025-01-01
77,1077,12780000,1880000,750000,30000,15440000,G3,2025-01-01
78,1078,7400000,1210000,500000,510000,9620000,G2,2025-01-01
79,1079,7860000,880000,1040000,560000,10340000,G2,2025-01-01
80,1080,16350000,1720000,1830000,120000,20020000,G3,2025-01-01
81,1081,33910000,3520000,4880000,280000,42590000,G6,2025-01-01
82,1082,16000000,2340000,1940000,700000,20980000,G3,2025-01-01
83,1083,22000000,4080000,3410000,90000,29580000,G5,2025-01-01
84,1084,7930000,1480000,800000,370000,10580000,G2,2025-01-01
85,1085,7790000,980000,1530000,670000,10970000,G2,2025-01-01
86,1086,8420000,1580000,840000,140000,10980000,G2,2025-01-01
87,1087,14890000,2080000,1470000,470000,18910000,G3,2025-01-01
88,1088,13880000,2400000,2140000,450000,18870000,G3,2025-01-01
89,1089,26090000,2660000,5890000,530000,35170000,G6,2025-01-01
90,1090,8050000,1150000,570000,670000,10440000,G2,2025-01-01
91,1091,13950000,1940000,3340000,440000,19670000,G3,2025-01-01
92,1092,11900000,1540000,2670000,130000,16240000,G3,2025-01-01
93,1093,7900000,1220000,690000,130000,9940000,G2,2025-01-01
94,1094,16220000,2380000,1810000,550000,20960000,G3,2025-01-01
95,1095,13450000,2060000,3140000,20000,18670000,G3,2025-01-01
96,1096,6730000,1140000,1030000,580000,9480000,G2,2025-01-01
97,1097,25070000,4040000,4750000,470000,34330000,G5,2025-01-01
98,1098,9070000,1810000,980000,140000,12000000,G2,2025-01-01
99,1099,26000000,3110000,4040000,410000,33560000,G5,2025-01-01
100,1100,25410000,4590000,5370000,60000,35430000,G6,2025-01-01
101,1101,7770000,1460000,580000,30000,9840000,G2,2025-01-01
102,1102,6620000,1110000,980000,90000,8800000,G2,2025-01-01
103,1103,18550000,2610000,1060000,50000,22270000,G5,2025-01-01
104,1104,20000000,2990000,4850000,690000,28530000,G3,2025-01-01
105,1105,6720000,1470000,1600000,370000,10160000,G2,2025-01-01
106,1106,14820000,1520000,3140000,410000,19890000,G3,2025-01-01
107,1107,7430000,1370000,1150000,10000,9960000,G2,2025-01-01
108,1108,14100000,2110000,2760000,580000,19550000,G3,2025-01-01
109,1109,16080000,3080000,3640000,480000,23280000,G3,2025-01-01
110,1110,31840000,6000000,2080000,420000,40340000,G6,2025-01-01
111,1111,14500000,2280000,1040000,200000,18020000,G3,2025-01-01
112,1112,12990000,1330000,1010000,700000,16030000,G3,2025-01-01
113,1113,13830000,1680000,2360000,100000,17970000,G3,2025-01-01
114,1114,8150000,880000,820000,30000,9880000,G2,2025-01-01
115,1115,20920000,2460000,3810000,30000,27220000,G3,2025-01-01
116,1116,7350000,1420000,1000000,680000,10450000,G2,2025-01-01
117,1117,8820000,1540000,1190000,590000,12140000,G2,2025-01-01
118,1118,25810000,2720000,5860000,250000,34640000,G5,2025-01-01
119,1119,17250000,3040000,2200000,480000,22970000,G3,2025-01-01
120,1120,17540000,3430000,3570000,180000,24720000,G3,2025-01-01
121,1121,8290000,1290000,1140000,80000,10800000,G2,2025-01-01
122,1122,8100000,1330000,640000,150000,10220000,G2,2025-01-01
123,1123,14610000,1970000,1870000,630000,19080000,G3,2025-01-01
124,1124,28000000,3340000,3070000,330000,34740000,G6,2025-01-01
125,1125,14340000,1630000,850000,160000,16980000,G3,2025-01-01
126,1126,9010000,1500000,1260000,490000,12260000,G2,2025-01-01
127,1127,12970000,2030000,2480000,560000,18040000,G3,2025-01-01
128,1128,7610000,1520000,1890000,410000,11430000,G2,2025-01-01
129,1129,11170000,1810000,1960000,540000,15480000,G3,2025-01-01
130,1130,27120000,3520000,4350000,420000,35410000,G6,2025-01-01
131,1131,7370000,1460000,1040000,620000,10490000,G2,2025-01-01
132,1132,7740000,1070000,1860000,170000,10840000,G2,2025-01-01
133,1133,8600000,1290000,960000,430000,11280000,G2,2025-01-01
134,1134,28000000,3330000,2440000,550000,34320000,G6,2025-01-01
135,1135,25060000,4930000,3280000,390000,33660000,G5,2025-01-01
136,1136,18490000,3680000,2670000,280000,25120000,G3,2025-01-01
137,1137,24100000,2480000,3340000,520000,30440000,G5,2025-01-01
138,1138,8150000,1240000,770000,470000,10630000,G2,2025-01-01
139,1139,39360000,7680000,3060000,630000,50730000,G6,2025-01-01
140,1140,21540000,3940000,4940000,670000,31090000,G5,2025-01-01
141,1141,15380000,2610000,2650000,240000,20880000,G3,2025-01-01
142,1142,40000000,6360000,4870000,470000,51700000,G6,2025-01-01
143,1143,7570000,1050000,950000,280000,9850000,G2,2025-01-01
144,1144,7310000,1080000,990000,470000,9850000,G2,2025-01-01
145,1145,25280000,3860000,4150000,690000,33980000,G5,2025-01-01
146,1146,7010000,890000,1110000,170000,9180000,G2,2025-01-01
147,1147,16840000,2740000,980000,20000,20580000,G3,2025-01-01
148,1148,12670000,1280000,2790000,300000,17040000,G3,2025-01-01
149,1149,16390000,1730000,3550000,530000,22200000,G3,2025-01-01
150,1150,8030000,1460000,940000,680000,11110000,G2,2025-01-01
151,1151,20170000,3080000,3480000,200000,26930000,G5,2025-01-01
152,1152,7440000,980000,1050000,540000,10010000,G2,2025-01-01
153,1153,28000000,5460000,5000000,440000,38900000,G6,2025-01-01
154,1154,8670000,1100000,1990000,310000,12070000,G2,2025-01-01
155,1155,9360000,1820000,2130000,510000,13820000,G2,2025-01-01
156,1156,9280000,1060000,500000,560000,11400000,G2,2025-01-01
157,1157,27530000,4060000,3490000,30000,35110000,G6,2025-01-01
158,1158,12870000,2280000,1320000,280000,16750000,G3,2025-01-01
159,1159,12890000,1540000,1170000,160000,15760000,G3,2025-01-01
160,1160,21430000,3680000,1810000,240000,27160000,G5,2025-01-01
161,1161,19000000,2050000,990000,590000,22630000,G3,2025-01-01
162,1162,25100000,4020000,1260000,80000,30460000,G5,2025-01-01
163,1163,8920000,1490000,680000,350000,11440000,G2,2025-01-01
164,1164,7600000,930000,490000,470000,9490000,G2,2025-01-01
165,1165,14990000,2940000,3340000,230000,21500000,G3,2025-01-01
166,1166,12460000,2460000,860000,190000,15970000,G3,2025-01-01
167,1167,24600000,3080000,1730000,330000,29740000,G6,2025-01-01
168,1168,20890000,3150000,3230000,120000,27390000,G3,2025-01-01
169,1169,13500000,2010000,2890000,380000,18780000,G3,2025-01-01
170,1170,20430000,3940000,2740000,400000,27510000,G5,2025-01-01
171,1171,16350000,2760000,2250000,530000,21890000,G3,2025-01-01
172,1172,9070000,1130000,660000,360000,11220000,G2,2025-01-01
173,1173,15020000,2010000,2470000,310000,19810000,G3,2025-01-01
174,1174,14260000,2200000,2530000,280000,19270000,G3,2025-01-01
175,1175,28000000,2970000,6220000,350000,37540000,G6,2025-01-01
176,1176,16780000,3120000,890000,540000,21330000,G3,2025-01-01
177,1177,18180000,2130000,1720000,240000,22270000,G5,2025-01-01
178,1178,23130000,4330000,2850000,540000,30850000,G5,2025-01-01
179,1179,15620000,1980000,2560000,510000,20670000,G3,2025-01-01
180,1180,13040000,2580000,1010000,400000,17030000,G3,2025-01-01
181,1181,8680000,1350000,1360000,480000,11870000,G2,2025-01-01
182,1182,12220000,2180000,2730000,670000,17800000,G3,2025-01-01
183,1183,8330000,1500000,2000000,480000,12310000,G2,2025-01-01
184,1184,18890000,3250000,3650000,180000,25970000,G5,2025-01-01
185,1185,20660000,3320000,4530000,430000,28940000,G5,2025-01-01
186,1186,6970000,940000,1220000,360000,9490000,G2,2025-01-01
187,1187,17640000,2920000,1210000,650000,22420000,G5,2025-01-01
188,1188,25550000,3780000,4030000,680000,34040000,G6,2025-01-01
189,1189,8650000,1190000,570000,430000,10840000,G2,2025-01-01
190,1190,9660000,1560000,1430000,380000,13030000,G2,2025-01-01
191,1191,6890000,1030000,1510000,590000,10020000,G2,2025-01-01
192,1192,6880000,1370000,400000,450000,9100000,G2,2025-01-01
193,1193,26000000,3080000,4550000,170000,33800000,G5,2025-01-01
194,1194,10460000,1980000,1280000,700000,14420000,G3,2025-01-01
195,1195,7770000,1220000,440000,90000,9520000,G2,2025-01-01
196,1196,13700000,1840000,1710000,180000,17430000,G3,2025-01-01
197,1197,27410000,3280000,3310000,570000,34570000,G6,2025-01-01
198,1198,24580000,2790000,3850000,400000,31620000,G6,2025-01-01
199,1199,7630000,1420000,680000,670000,10400000,G2,2025-01-01
200,1200,12520000,1460000,830000,480000,15290000,G3,2025-01-01
201,1201,26000000,5170000,3810000,640000,35620000,G5,2025-01-01
202,1202,26000000,3650000,4360000,610000,34620000,G5,2025-01-01
203,1203,13510000,1850000,1280000,690000,17330000,G3,2025-01-01
204,1204,13320000,1820000,3200000,340000,18680000,G3,2025-01-01
205,1205,13460000,1780000,2310000,530000,18080000,G3,2025-01-01
206,1206,9100000,920000,1010000,440000,11470000,G2,2025-01-01
207,1207,12730000,1370000,2760000,640000,17500000,G3,2025-01-01
208,1208,25820000,4730000,3010000,170000,33730000,G5,2025-01-01
209,1209,11660000,1630000,790000,210000,14290000,G3,2025-01-01
210,1210,26000000,3160000,2200000,430000,31790000,G5,2025-01-01
211,1211,17000000,3320000,1180000,560000,22060000,G3,2025-01-01
212,1212,22000000,3570000,5290000,100000,30960000,G5,2025-01-01
213,1213,8690000,1540000,590000,540000,11360000,G2,2025-01-01
214,1214,7040000,1410000,1330000,370000,10150000,G2,2025-01-01
215,1215,8420000,1480000,430000,250000,10580000,G2,2025-01-01
216,1216,12880000,2280000,1680000,620000,17460000,G3,2025-01-01
217,1217,40000000,7100000,5330000,670000,53100000,G6,2025-01-01
218,1218,9090000,1590000,1430000,200000,12310000,G2,2025-01-01
219,1219,14310000,2160000,3530000,630000,20630000,G3,2025-01-01
220,1220,21240000,3020000,2610000,610000,27480000,G3,2025-01-01
221,1221,24510000,3680000,2720000,430000,31340000,G5,2025-01-01
222,1222,10260000,3420000,950000,650000,15280000,G3,2025-01-01
223,1223,16650000,2180000,2960000,410000,22200000,G3,2025-01-01
224,1224,15300000,2510000,3290000,690000,21790000,G3,2025-01-01
225,1225,21580000,2610000,2480000,340000,27010000,G5,2025-01-01
226,1226,7970000,1390000,1490000,200000,11050000,G2,2025-01-01
227,1227,7050000,980000,1230000,500000,9760000,G2,2025-01-01
228,1228,25250000,4890000,3400000,630000,34170000,G5,2025-01-01
229,1229,15650000,2210000,3120000,90000,21070000,G3,2025-01-01
230,1230,8810000,1690000,950000,660000,12110000,G2,2025-01-01
231,1231,14780000,2520000,3130000,70000,20500000,G3,2025-01-01
232,1232,10500000,1690000,2370000,450000,15010000,G3,2025-01-01
233,1233,14890000,2590000,3380000,360000,21220000,G3,2025-01-01
234,1234,7890000,1230000,940000,370000,10430000,G2,2025-01-01
235,1235,11570000,1930000,990000,130000,14620000,G3,2025-01-01
236,1236,11130000,2200000,1810000,190000,15330000,G3,2025-01-01
237,1237,7820000,810000,610000,60000,9300000,G2,2025-01-01
238,1238,8170000,1130000,1480000,170000,10950000,G2,2025-01-01
239,1239,17980000,3090000,4350000,450000,25870000,G3,2025-01-01
240,1240,7740000,1120000,1500000,150000,10510000,G2,2025-01-01
241,1241,8400000,1540000,470000,130000,10540000,G2,2025-01-01
242,1242,7350000,890000,970000,120000,9330000,G2,2025-01-01
243,1243,8290000,1540000,540000,210000,10580000,G2,2025-01-01
244,1244,8600000,1140000,1060000,670000,11470000,G2,2025-01-01
245,1245,7800000,1030000,1860000,190000,10880000,G2,2025-01-01
246,1246,40000000,6970000,5940000,110000,53020000,G6,2025-01-01
247,1247,38090000,5080000,8500000,400000,52070000,G6,2025-01-01
248,1248,19000000,2120000,4340000,420000,25880000,G3,2025-01-01
249,1249,26370000,4140000,3640000,110000,34260000,G6,2025-01-01
250,1250,12790000,2250000,2970000,500000,18510000,G3,2025-01-01
251,1251,7100000,810000,1710000,660000,10280000,G2,2025-01-01
252,1252,7950000,1330000,1940000,90000,11310000,G2,2025-01-01
253,1253,13460000,1420000,1180000,30000,16090000,G3,2025-01-01
254,1254,8480000,1540000,1590000,330000,11940000,G2,2025-01-01
255,1255,7940000,1340000,1500000,510000,11290000,G2,2025-01-01
256,1256,26440000,3270000,4150000,650000,34510000,G6,2025-01-01
257,1257,20850000,3780000,1210000,10000,25850000,G5,2025-01-01
258,1258,8540000,920000,1410000,560000,11430000,G2,2025-01-01
259,1259,7910000,1480000,1900000,610000,11900000,G2,2025-01-01
260,1260,12610000,2240000,2250000,120000,17220000,G3,2025-01-01
261,1261,38030000,6330000,2600000,140000,47100000,G6,2025-01-01
262,1262,14010000,1480000,3010000,640000,19140000,G3,2025-01-01
263,1263,13770000,2320000,2070000,430000,18590000,G3,2025-01-01
264,1264,15240000,2640000,1110000,110000,19100000,G3,2025-01-01
265,1265,26540000,3740000,5320000,100000,35700000,G6,2025-01-01
266,1266,10610000,1180000,1340000,70000,13200000,G3,2025-01-01
267,1267,12330000,1270000,950000,240000,14790000,G3,2025-01-01
268,1268,17760000,2220000,4180000,520000,24680000,G3,2025-01-01
269,1269,8680000,1200000,800000,10000,10690000,G2,2025-01-01
270,1270,14280000,1860000,2200000,100000,18440000,G3,2025-01-01
271,1271,28000000,2860000,4530000,280000,35670000,G6,2025-01-01
272,1272,12720000,2010000,1470000,90000,16290000,G3,2025-01-01
273,1273,7990000,1460000,710000,590000,10750000,G2,2025-01-01
274,1274,13460000,3940000,4670000,520000,22590000,G5,2025-01-01
275,1275,15800000,2480000,1880000,550000,20710000,G3,2025-01-01
276,1276,12350000,1520000,1740000,100000,15710000,G3,2025-01-01
277,1277,12540000,1930000,1600000,530000,16600000,G3,2025-01-01
278,1278,23300000,2500000,4630000,110000,30540000,G6,2025-01-01
279,1279,8300000,930000,1430000,340000,11000000,G2,2025-01-01
280,1280,16940000,2740000,2350000,510000,22540000,G3,2025-01-01
281,1281,15610000,2200000,1190000,600000,19600000,G3,2025-01-01
282,1282,7660000,1010000,1840000,110000,10620000,G2,2025-01-01
283,1283,29760000,3820000,5020000,20000,38620000,G6,2025-01-01
284,1284,12230000,2390000,1990000,540000,17150000,G3,2025-01-01
285,1285,28000000,4540000,3480000,410000,36430000,G6,2025-01-01
286,1286,8570000,1580000,2050000,180000,12380000,G2,2025-01-01
287,1287,20810000,3040000,1050000,30000,24930000,G5,2025-01-01
288,1288,22250000,2500000,2030000,560000,27340000,G3,2025-01-01
289,1289,12460000,1810000,1310000,660000,16240000,G3,2025-01-01
290,1290,22820000,2310000,1590000,510000,27230000,G5,2025-01-01
291,1291,21490000,4020000,1540000,240000,27290000,G5,2025-01-01
292,1292,16920000,2380000,1190000,40000,20530000,G3,2025-01-01
293,1293,17120000,3100000,1840000,680000,22740000,G3,2025-01-01
294,1294,12630000,3080000,1600000,140000,17450000,G5,2025-01-01
295,1295,12140000,2260000,2250000,310000,16960000,G3,2025-01-01
296,1296,8870000,1070000,1440000,230000,11610000,G2,2025-01-01
297,1297,9150000,1470000,740000,570000,11930000,G2,2025-01-01
298,1298,26010000,4910000,3570000,100000,34590000,G5,2025-01-01
299,1299,33060000,3760000,7300000,10000,44130000,G6,2025-01-01
300,1300,6440000,1050000,2320000,440000,10250000,G2,2025-01-01
301,1301,14580000,2110000,2150000,330000,19170000,G3,2025-01-01
302,1302,12980000,1640000,1260000,540000,16420000,G3,2025-01-01
303,1303,23810000,4050000,4560000,490000,32910000,G5,2025-01-01
304,1304,14880000,2540000,1690000,120000,19230000,G3,2025-01-01
305,1305,24720000,3930000,4430000,420000,33500000,G5,2025-01-01
306,1306,9030000,1380000,1340000,160000,11910000,G2,2025-01-01
307,1307,24990000,2800000,3320000,420000,31530000,G5,2025-01-01
308,1308,28000000,5480000,2230000,340000,36050000,G6,2025-01-01
309,1309,17620000,2200000,3810000,530000,24160000,G3,2025-01-01
310,1310,14960000,2270000,2520000,200000,19950000,G3,2025-01-01
311,1311,20080000,3630000,1270000,580000,25560000,G5,2025-01-01
312,1312,13840000,2710000,1080000,150000,17780000,G3,2025-01-01
313,1313,8450000,1560000,600000,290000,10900000,G2,2025-01-01
314,1314,14100000,2300000,2570000,180000,19150000,G3,2025-01-01
315,1315,20870000,4120000,1390000,260000,26640000,G5,2025-01-01
316,1316,8540000,1280000,2120000,410000,12350000,G2,2025-01-01
317,1317,24290000,3510000,1320000,590000,29710000,G5,2025-01-01
318,1318,9410000,1560000,530000,570000,12070000,G2,2025-01-01
319,1319,40000000,5040000,6280000,110000,51430000,G6,2025-01-01
320,1320,9690000,1470000,1910000,160000,13230000,G2,2025-01-01
321,1321,9150000,2950000,2410000,40000,14550000,G3,2025-01-01
322,1322,12600000,1660000,2310000,580000,17150000,G3,2025-01-01
323,1323,8010000,1040000,1050000,540000,10640000,G2,2025-01-01
324,1324,8530000,1280000,1820000,190000,11820000,G2,2025-01-01
325,1325,21540000,3240000,3070000,530000,28380000,G5,2025-01-01
326,1326,17700000,2610000,3130000,190000,23630000,G3,2025-01-01
327,1327,18200000,3470000,1230000,410000,23310000,G5,2025-01-01
328,1328,26000000,4030000,2590000,340000,32960000,G5,2025-01-01
329,1329,6980000,850000,1360000,250000,9440000,G2,2025-01-01
330,1330,14000000,2530000,2580000,280000,19390000,G3,2025-01-01
331,1331,8610000,1220000,1530000,580000,11940000,G2,2025-01-01
332,1332,15760000,3050000,2140000,190000,21140000,G3,2025-01-01
333,1333,9640000,1110000,1130000,270000,12150000,G2,2025-01-01
334,1334,26810000,2460000,3480000,190000,32940000,G3,2025-01-01
335,1335,11040000,1960000,1140000,280000,14420000,G3,2025-01-01
336,1336,7050000,1010000,1740000,280000,10080000,G2,2025-01-01
337,1337,39310000,6300000,2500000,20000,48130000,G6,2025-01-01
338,1338,13960000,2790000,1010000,630000,18390000,G3,2025-01-01
339,1339,17600000,3500000,3130000,110000,24340000,G3,2025-01-01
340,1340,6110000,1060000,1240000,290000,8700000,G2,2025-01-01
341,1341,8270000,1590000,940000,360000,11160000,G2,2025-01-01
342,1342,19360000,3700000,2360000,670000,26090000,G3,2025-01-01
343,1343,8740000,1410000,1190000,460000,11800000,G2,2025-01-01
344,1344,28000000,5010000,3730000,590000,37330000,G6,2025-01-01
345,1345,12510000,2420000,790000,360000,16080000,G3,2025-01-01
346,1346,29850000,4280000,1620000,380000,36130000,G5,2025-01-01
347,1347,11860000,1360000,1240000,310000,14770000,G3,2025-01-01
348,1348,6860000,840000,790000,130000,8620000,G2,2025-01-01
349,1349,7380000,1050000,1350000,430000,10210000,G2,2025-01-01
350,1350,7510000,1270000,1200000,220000,10200000,G2,2025-01-01
351,1351,16330000,3050000,1890000,410000,21680000,G3,2025-01-01
352,1352,12650000,1420000,970000,420000,15460000,G3,2025-01-01
353,1353,7810000,1560000,780000,650000,10800000,G2,2025-01-01
354,1354,26000000,3830000,3500000,510000,33840000,G5,2025-01-01
355,1355,28000000,4350000,3610000,290000,36250000,G6,2025-01-01
356,1356,8160000,900000,1350000,230000,10640000,G2,2025-01-01
357,1357,13720000,1410000,2490000,400000,18020000,G3,2025-01-01
358,1358,28000000,3500000,1660000,640000,33800000,G6,2025-01-01
359,1359,16490000,3140000,3670000,430000,23730000,G3,2025-01-01
360,1360,13930000,2000000,1150000,570000,17650000,G3,2025-01-01
361,1361,6780000,1340000,1240000,380000,9740000,G2,2025-01-01
362,1362,10080000,1780000,2450000,130000,14440000,G2,2025-01-01
363,1363,36750000,4570000,7590000,180000,49090000,G6,2025-01-01
364,1364,24450000,3990000,4990000,240000,33670000,G5,2025-01-01
365,1365,17310000,3650000,2720000,650000,24330000,G6,2025-01-01
366,1366,22000000,4080000,1620000,110000,27810000,G5,2025-01-01
367,1367,15210000,2990000,2220000,460000,20880000,G3,2025-01-01
368,1368,7100000,760000,390000,60000,8310000,G2,2025-01-01
369,1369,8520000,1630000,1880000,570000,12600000,G2,2025-01-01
370,1370,12710000,2530000,650000,630000,16520000,G3,2025-01-01
371,1371,19050000,3780000,2790000,350000,25970000,G3,2025-01-01
372,1372,13750000,2170000,3110000,250000,19280000,G3,2025-01-01
373,1373,15910000,2030000,1220000,500000,19660000,G3,2025-01-01
374,1374,25930000,3690000,2060000,80000,31760000,G5,2025-01-01
375,1375,22060000,3830000,5010000,240000,31140000,G6,2025-01-01
376,1376,18600000,3470000,2910000,320000,25300000,G3,2025-01-01
377,1377,6550000,1300000,1570000,120000,9540000,G2,2025-01-01
378,1378,18950000,2340000,2180000,180000,23650000,G5,2025-01-01
379,1379,14220000,1470000,3400000,180000,19270000,G3,2025-01-01
380,1380,6830000,1190000,1530000,590000,10140000,G2,2025-01-01
381,1381,7990000,1550000,1970000,200000,11710000,G2,2025-01-01
382,1382,7720000,1150000,1840000,510000,11220000,G2,2025-01-01
383,1383,18250000,2550000,1670000,470000,22940000,G3,2025-01-01
384,1384,8990000,1050000,790000,580000,11410000,G2,2025-01-01
385,1385,8720000,1650000,1050000,10000,11430000,G2,2025-01-01
386,1386,7510000,1340000,1820000,580000,11250000,G2,2025-01-01
387,1387,8640000,1200000,2150000,690000,12680000,G2,2025-01-01
388,1388,9810000,1240000,2240000,230000,13520000,G2,2025-01-01
389,1389,6960000,1340000,1320000,440000,10060000,G2,2025-01-01
390,1390,28000000,4030000,4230000,360000,36620000,G6,2025-01-01
391,1391,20990000,2680000,2120000,470000,26260000,G3,2025-01-01
392,1392,13570000,2080000,2900000,620000,19170000,G3,2025-01-01
393,1393,7640000,1110000,1580000,80000,10410000,G2,2025-01-01
394,1394,17060000,2940000,1950000,450000,22400000,G3,2025-01-01
395,1395,14200000,2150000,1440000,380000,18170000,G3,2025-01-01
396,1396,7370000,1470000,1150000,540000,10530000,G2,2025-01-01
397,1397,14750000,1930000,3640000,340000,20660000,G3,2025-01-01
398,1398,7480000,1380000,1390000,180000,10430000,G2,2025-01-01
399,1399,15750000,3130000,2490000,670000,22040000,G3,2025-01-01
400,1400,26000000,3130000,4200000,160000,33490000,G5,2025-01-01
401,1401,7610000,1360000,610000,80000,9660000,G2,2025-01-01
402,1402,7460000,1430000,610000,620000,10120000,G2,2025-01-01
403,1403,9130000,1760000,1760000,390000,13040000,G2,2025-01-01
404,1404,9430000,1410000,1100000,120000,12060000,G3,2025-01-01
405,1405,12360000,2280000,1970000,30000,16640000,G3,2025-01-01
406,1406,36020000,6730000,8430000,470000,51650000,G6,2025-01-01
407,1407,15020000,2730000,1320000,270000,19340000,G3,2025-01-01
408,1408,28000000,5310000,3020000,220000,36550000,G5,2025-01-01
409,1409,8700000,1530000,1800000,190000,12220000,G2,2025-01-01
410,1410,27710000,3150000,3130000,290000,34280000,G6,2025-01-01
411,1411,13240000,1450000,670000,510000,15870000,G3,2025-01-01
412,1412,16960000,3250000,860000,570000,21640000,G3,2025-01-01
413,1413,8670000,1200000,1880000,230000,11980000,G2,2025-01-01
414,1414,27560000,5230000,3530000,190000,36510000,G6,2025-01-01
415,1415,18720000,2570000,4180000,500000,25970000,G3,2025-01-01
416,1416,15260000,3030000,770000,310000,19370000,G3,2025-01-01
417,1417,14140000,2710000,1470000,430000,18750000,G3,2025-01-01
418,1418,26300000,4110000,2340000,290000,33040000,G6,2025-01-01
419,1419,8360000,1440000,1360000,280000,11440000,G2,2025-01-01
420,1420,9090000,1120000,1240000,390000,11840000,G2,2025-01-01
421,1421,25930000,5170000,4720000,340000,36160000,G6,2025-01-01
422,1422,23100000,3680000,1990000,320000,29090000,G5,2025-01-01
423,1423,8420000,1430000,820000,20000,10690000,G2,2025-01-01
424,1424,12600000,2510000,1780000,670000,17560000,G3,2025-01-01
425,1425,8000000,1100000,880000,60000,10040000,G2,2025-01-01
426,1426,9200000,1450000,2180000,660000,13490000,G2,2025-01-01
427,1427,9040000,1780000,660000,340000,11820000,G2,2025-01-01
428,1428,26000000,3870000,3300000,130000,33300000,G5,2025-01-01
429,1429,11670000,1920000,920000,60000,14570000,G3,2025-01-01
430,1430,22770000,2880000,1880000,420000,27950000,G5,2025-01-01
431,1431,15530000,1640000,2970000,700000,20840000,G3,2025-01-01
432,1432,13100000,2510000,930000,390000,16930000,G3,2025-01-01
433,1433,5980000,840000,1100000,350000,8270000,G2,2025-01-01
434,1434,12430000,2320000,1860000,0,16610000,G3,2025-01-01
435,1435,6590000,1080000,620000,490000,8780000,G2,2025-01-01
436,1436,36780000,4310000,7920000,190000,49200000,G6,2025-01-01
437,1437,36050000,6920000,6210000,620000,49800000,G6,2025-01-01
438,1438,22000000,3270000,3970000,640000,29880000,G5,2025-01-01
439,1439,13610000,1980000,930000,700000,17220000,G3,2025-01-01
440,1440,18700000,3610000,3820000,0,26130000,G3,2025-01-01
441,1441,10940000,1800000,2190000,40000,14970000,G3,2025-01-01
442,1442,18450000,2170000,2630000,570000,23820000,G5,2025-01-01
443,1443,8400000,1200000,1680000,30000,11310000,G2,2025-01-01
444,1444,23070000,3320000,4940000,100000,31430000,G5,2025-01-01
445,1445,34910000,5560000,6500000,0,46970000,G6,2025-01-01
446,1446,26550000,4390000,5990000,400000,37330000,G6,2025-01-01
447,1447,14940000,1830000,2680000,560000,20010000,G3,2025-01-01
448,1448,19660000,2390000,4350000,240000,26640000,G3,2025-01-01
449,1449,14900000,1660000,3240000,60000,19860000,G3,2025-01-01
450,1450,20900000,4130000,1890000,220000,27140000,G5,2025-01-01
451,1451,13150000,2330000,750000,230000,16460000,G3,2025-01-01
452,1452,23980000,3370000,4480000,50000,31880000,G6,2025-01-01
453,1453,8480000,1520000,1030000,180000,11210000,G2,2025-01-01
454,1454,7670000,1470000,1030000,40000,10210000,G2,2025-01-01
455,1455,7180000,1250000,1000000,410000,9840000,G2,2025-01-01
456,1456,8380000,1090000,1330000,140000,10940000,G2,2025-01-01
457,1457,28000000,3870000,6900000,640000,39410000,G6,2025-01-01
458,1458,23150000,3570000,2690000,40000,29450000,G5,2025-01-01
459,1459,7730000,1080000,1080000,230000,10120000,G2,2025-01-01
460,1460,15400000,2780000,3480000,10000,21670000,G3,2025-01-01
461,1461,13430000,1330000,590000,440000,15790000,G2,2025-01-01
462,1462,16790000,2070000,4030000,700000,23590000,G3,2025-01-01
463,1463,10470000,1680000,1960000,100000,14210000,G3,2025-01-01
464,1464,7760000,1080000,1450000,120000,10410000,G2,2025-01-01
465,1465,7040000,1350000,800000,640000,9830000,G2,2025-01-01
466,1466,26540000,5300000,6070000,470000,38380000,G6,2025-01-01
467,1467,9530000,2590000,1660000,670000,14450000,G3,2025-01-01
468,1468,25630000,4360000,1540000,220000,31750000,G5,2025-01-01
469,1469,8150000,1550000,970000,560000,11230000,G2,2025-01-01
470,1470,25480000,4820000,3010000,310000,33620000,G6,2025-01-01
471,1471,10310000,1490000,910000,90000,12800000,G3,2025-01-01
472,1472,13180000,2300000,2440000,450000,18370000,G3,2025-01-01
473,1473,28000000,2930000,6900000,200000,38030000,G6,2025-01-01
474,1474,18230000,3140000,1650000,630000,23650000,G3,2025-01-01
475,1475,10310000,1060000,960000,30000,12360000,G3,2025-01-01
476,1476,8760000,940000,960000,430000,11090000,G2,2025-01-01
477,1477,15380000,2890000,2670000,120000,21060000,G3,2025-01-01
478,1478,22750000,4340000,4260000,240000,31590000,G3,2025-01-01
479,1479,22160000,5630000,5900000,660000,34350000,G6,2025-01-01
480,1480,19810000,3850000,4590000,380000,28630000,G5,2025-01-01
481,1481,27620000,3490000,5680000,630000,37420000,G6,2025-01-01
482,1482,9130000,1030000,2080000,150000,12390000,G2,2025-01-01
483,1483,12560000,3540000,5150000,600000,21850000,G5,2025-01-01
484,1484,12170000,3260000,4060000,230000,19720000,G5,2025-01-01
485,1485,8710000,880000,1290000,690000,11570000,G2,2025-01-01
486,1486,16570000,2130000,2350000,180000,21230000,G3,2025-01-01
487,1487,28000000,4400000,5760000,150000,38310000,G6,2025-01-01
488,1488,18260000,1850000,3790000,400000,24300000,G5,2025-01-01
489,1489,9140000,960000,900000,450000,11450000,G2,2025-01-01
490,1490,13550000,1700000,720000,620000,16590000,G3,2025-01-01
491,1491,8530000,1530000,1480000,0,11540000,G2,2025-01-01
492,1492,8230000,1570000,960000,610000,11370000,G2,2025-01-01
493,1493,16940000,2240000,2760000,130000,22070000,G3,2025-01-01
494,1494,7070000,930000,910000,160000,9070000,G2,2025-01-01
495,1495,7410000,870000,380000,490000,9150000,G2,2025-01-01
496,1496,12030000,1510000,2970000,620000,17130000,G3,2025-01-01
497,1497,25360000,2830000,5330000,590000,34110000,G6,2025-01-01
498,1498,7300000,870000,1390000,120000,9680000,G2,2025-01-01
499,1499,12990000,1390000,3010000,370000,17760000,G3,2025-01-01
500,1500,15460000,1550000,1900000,70000,18980000,G3,2025-01-01
501,1501,25570000,3930000,2980000,390000,32870000,G6,2025-01-01
502,1502,8390000,1230000,2050000,120000,11790000,G2,2025-01-01
503,1503,32970000,5630000,6600000,540000,45740000,G6,2025-01-01
504,1504,9400000,1600000,2080000,50000,13130000,G2,2025-01-01
505,1505,20910000,3990000,3050000,120000,28070000,G5,2025-01-01
506,1506,23620000,4410000,4290000,700000,33020000,G6,2025-01-01
507,1507,7660000,770000,660000,150000,9240000,G2,2025-01-01
508,1508,8220000,1630000,630000,660000,11140000,G2,2025-01-01
509,1509,7640000,1520000,1380000,510000,11050000,G2,2025-01-01
510,1510,13080000,1390000,3200000,670000,18340000,G3,2025-01-01
511,1511,7000000,1170000,1380000,510000,10060000,G2,2025-01-01
512,1512,24430000,3120000,4710000,100000,32360000,G5,2025-01-01
513,1513,13860000,1880000,3270000,490000,19500000,G3,2025-01-01
514,1514,13790000,2620000,2780000,350000,19540000,G3,2025-01-01
515,1515,19000000,2650000,960000,690000,23300000,G3,2025-01-01
516,1516,12610000,2440000,1740000,320000,17110000,G3,2025-01-01
517,1517,7880000,960000,1600000,480000,10920000,G2,2025-01-01
518,1518,7540000,1270000,1600000,680000,11090000,G2,2025-01-01
519,1519,14500000,1510000,3470000,410000,19890000,G3,2025-01-01
520,1520,40000000,4120000,3980000,680000,48780000,G6,2025-01-01
521,1521,22290000,3100000,1790000,60000,27240000,G3,2025-01-01
522,1522,13320000,1350000,810000,280000,15760000,G3,2025-01-01
523,1523,28000000,5520000,3600000,670000,37790000,G6,2025-01-01
524,1524,12070000,1680000,970000,400000,15120000,G3,2025-01-01
525,1525,13730000,2170000,2830000,550000,19280000,G3,2025-01-01
526,1526,18590000,2590000,1660000,210000,23050000,G5,2025-01-01
527,1527,25230000,3390000,2790000,420000,31830000,G6,2025-01-01
528,1528,12120000,1680000,1660000,580000,16040000,G3,2025-01-01
529,1529,24520000,4380000,4490000,640000,34030000,G6,2025-01-01
530,1530,8040000,1060000,1480000,70000,10650000,G2,2025-01-01
531,1531,9150000,950000,1800000,660000,12560000,G2,2025-01-01
532,1532,8310000,1350000,1090000,450000,11200000,G2,2025-01-01
533,1533,40000000,6630000,6570000,270000,53470000,G6,2025-01-01
534,1534,14350000,2710000,2780000,670000,20510000,G3,2025-01-01
535,1535,17610000,3330000,3230000,260000,24430000,G3,2025-01-01
536,1536,15960000,3110000,910000,480000,20460000,G3,2025-01-01
537,1537,13210000,2200000,1980000,20000,17410000,G3,2025-01-01
538,1538,15740000,2800000,2020000,480000,21040000,G3,2025-01-01
539,1539,8020000,1120000,1540000,500000,11180000,G2,2025-01-01
540,1540,8500000,1630000,1000000,140000,11270000,G2,2025-01-01
541,1541,9020000,1800000,940000,270000,12030000,G2,2025-01-01
542,1542,15080000,2720000,2050000,630000,20480000,G3,2025-01-01
543,1543,18850000,1930000,3570000,10000,24360000,G3,2025-01-01
544,1544,18520000,3590000,2810000,570000,25490000,G3,2025-01-01
545,1545,7240000,1290000,900000,270000,9700000,G2,2025-01-01
546,1546,35730000,6870000,1880000,610000,45090000,G6,2025-01-01
547,1547,23950000,3800000,1770000,130000,29650000,G6,2025-01-01
548,1548,20680000,3450000,2130000,380000,26640000,G5,2025-01-01
549,1549,31860000,4510000,2330000,540000,39240000,G6,2025-01-01
550,1550,15670000,2280000,2080000,460000,20490000,G3,2025-01-01
551,1551,24310000,4630000,1360000,450000,30750000,G5,2025-01-01
552,1552,20930000,2840000,1750000,650000,26170000,G3,2025-01-01
553,1553,16460000,3150000,2660000,220000,22490000,G3,2025-01-01
554,1554,8790000,1530000,750000,620000,11690000,G2,2025-01-01
555,1555,25160000,4230000,5740000,350000,35480000,G6,2025-01-01
556,1556,23400000,4380000,5540000,470000,33790000,G5,2025-01-01
557,1557,13580000,2370000,1080000,630000,17660000,G3,2025-01-01
558,1558,11480000,3210000,2510000,140000,17340000,G3,2025-01-01
559,1559,7880000,1440000,1850000,440000,11610000,G2,2025-01-01
560,1560,8110000,1250000,450000,660000,10470000,G2,2025-01-01
561,1561,26250000,2720000,6150000,340000,35460000,G5,2025-01-01
562,1562,8100000,960000,1160000,590000,10810000,G2,2025-01-01
563,1563,8120000,1000000,1340000,550000,11010000,G2,2025-01-01
564,1564,14490000,2620000,2740000,350000,20200000,G3,2025-01-01
565,1565,7330000,1010000,870000,500000,9710000,G2,2025-01-01
566,1566,8280000,850000,1480000,400000,11010000,G2,2025-01-01
567,1567,15170000,1710000,1890000,430000,19200000,G3,2025-01-01
568,1568,7780000,1490000,620000,110000,10000000,G2,2025-01-01
569,1569,8600000,1390000,1970000,420000,12380000,G2,2025-01-01
570,1570,15030000,2540000,3240000,550000,21360000,G3,2025-01-01
571,1571,5390000,980000,460000,250000,7080000,G2,2025-01-01
572,1572,37040000,5750000,5250000,360000,48400000,G6,2025-01-01
573,1573,22640000,3990000,4790000,580000,32000000,G5,2025-01-01
574,1574,6830000,770000,880000,250000,8730000,G2,2025-01-01
575,1575,28000000,5300000,4530000,390000,38220000,G6,2025-01-01
576,1576,15300000,2280000,3190000,440000,21210000,G3,2025-01-01
577,1577,22000000,2770000,2870000,140000,27780000,G5,2025-01-01
578,1578,14280000,2830000,3470000,690000,21270000,G3,2025-01-01
579,1579,24530000,4200000,1310000,70000,30110000,G5,2025-01-01
580,1580,13760000,2150000,2530000,520000,18960000,G3,2025-01-01
581,1581,7420000,1210000,640000,510000,9780000,G2,2025-01-01
582,1582,15440000,2920000,3840000,240000,22440000,G3,2025-01-01
583,1583,40000000,7330000,7080000,510000,54920000,G6,2025-01-01
584,1584,7260000,810000,440000,280000,8790000,G2,2025-01-01
585,1585,7880000,790000,1450000,160000,10280000,G2,2025-01-01
586,1586,7010000,1090000,560000,620000,9280000,G2,2025-01-01
587,1587,19380000,3220000,2940000,200000,25740000,G3,2025-01-01
588,1588,14630000,2420000,1860000,220000,19130000,G3,2025-01-01
589,1589,16040000,2010000,1040000,120000,19210000,G3,2025-01-01
590,1590,15590000,3080000,1610000,50000,20330000,G3,2025-01-01
591,1591,12590000,1600000,2060000,470000,16720000,G3,2025-01-01
592,1592,15340000,2440000,2150000,350000,20280000,G3,2025-01-01
593,1593,7530000,1360000,400000,120000,9410000,G2,2025-01-01
594,1594,25050000,4680000,3740000,100000,33570000,G6,2025-01-01
595,1595,22440000,2700000,2220000,500000,27860000,G5,2025-01-01
596,1596,28000000,4390000,3940000,30000,36360000,G6,2025-01-01
597,1597,7510000,1070000,1720000,160000,10460000,G2,2025-01-01
598,1598,6680000,960000,850000,540000,9030000,G2,2025-01-01
599,1599,9710000,1490000,1690000,450000,13340000,G2,2025-01-01
600,1600,6980000,840000,1230000,400000,9450000,G2,2025-01-01
601,1601,15230000,2440000,2680000,270000,20620000,G3,2025-01-01
602,1602,8520000,1470000,1410000,230000,11630000,G2,2025-01-01
603,1603,22000000,3490000,2650000,20000,28160000,G5,2025-01-01
604,1604,19660000,2060000,2850000,560000,25130000,G3,2025-01-01
605,1605,7930000,1560000,1130000,210000,10830000,G2,2025-01-01
606,1606,8970000,1160000,1250000,320000,11700000,G2,2025-01-01
607,1607,7970000,960000,1820000,300000,11050000,G2,2025-01-01
608,1608,9230000,940000,910000,220000,11300000,G2,2025-01-01
609,1609,7900000,1100000,830000,300000,10130000,G2,2025-01-01
610,1610,14870000,2800000,2430000,250000,20350000,G3,2025-01-01
611,1611,8940000,1220000,1440000,330000,11930000,G3,2025-01-01
612,1612,17040000,2610000,2430000,470000,22550000,G5,2025-01-01
613,1613,18320000,2410000,1980000,370000,23080000,G5,2025-01-01
614,1614,9540000,1540000,1140000,200000,12420000,G2,2025-01-01
615,1615,9310000,1630000,2090000,660000,13690000,G2,2025-01-01
616,1616,21290000,3800000,4440000,210000,29740000,G5,2025-01-01
617,1617,7290000,910000,1250000,580000,10030000,G2,2025-01-01
618,1618,17570000,1710000,2190000,190000,21660000,G3,2025-01-01
619,1619,8190000,1390000,690000,160000,10430000,G2,2025-01-01
620,1620,22000000,3790000,4280000,150000,30220000,G5,2025-01-01
621,1621,7940000,1490000,1320000,650000,11400000,G2,2025-01-01
622,1622,24450000,4880000,4940000,310000,34580000,G6,2025-01-01
623,1623,8540000,1500000,1250000,210000,11500000,G2,2025-01-01
624,1624,9530000,1630000,1260000,240000,12660000,G2,2025-01-01
625,1625,40000000,4150000,2080000,210000,46440000,G6,2025-01-01
626,1626,11110000,750000,1370000,160000,13390000,G2,2025-01-01
627,1627,8400000,930000,1730000,140000,11200000,G2,2025-01-01
628,1628,18650000,2530000,3570000,270000,25020000,G5,2025-01-01
629,1629,21400000,3150000,1080000,660000,26290000,G5,2025-01-01
630,1630,8250000,1010000,530000,490000,10280000,G2,2025-01-01
631,1631,7840000,1090000,740000,50000,9720000,G2,2025-01-01
632,1632,7470000,900000,1700000,130000,10200000,G2,2025-01-01
633,1633,8100000,840000,810000,220000,9970000,G2,2025-01-01
634,1634,17660000,1960000,1950000,460000,22030000,G3,2025-01-01
635,1635,18350000,2350000,2550000,550000,23800000,G3,2025-01-01
636,1636,8960000,1750000,1010000,500000,12220000,G2,2025-01-01
637,1637,12830000,2030000,770000,620000,16250000,G3,2025-01-01
638,1638,11990000,1720000,1290000,330000,15330000,G3,2025-01-01
639,1639,17570000,2320000,1420000,380000,21690000,G3,2025-01-01
640,1640,21560000,2510000,3490000,660000,28220000,G6,2025-01-01
641,1641,38340000,5130000,8600000,650000,52720000,G6,2025-01-01
642,1642,16010000,3110000,5630000,10000,24760000,G6,2025-01-01
643,1643,9610000,1710000,1410000,10000,12740000,G3,2025-01-01
644,1644,9610000,1380000,1890000,90000,12970000,G2,2025-01-01
645,1645,16230000,2950000,2230000,300000,21710000,G3,2025-01-01
646,1646,14150000,2570000,1410000,520000,18650000,G3,2025-01-01
647,1647,12420000,1340000,2870000,640000,17270000,G3,2025-01-01
648,1648,7230000,1080000,700000,150000,9160000,G2,2025-01-01
649,1649,7570000,850000,830000,50000,9300000,G2,2025-01-01
650,1650,7560000,1510000,1540000,60000,10670000,G2,2025-01-01
651,1651,28000000,3170000,1690000,260000,33120000,G6,2025-01-01
652,1652,24100000,4410000,4390000,380000,33280000,G5,2025-01-01
653,1653,12820000,1890000,2270000,350000,17330000,G3,2025-01-01
654,1654,23130000,4240000,5490000,130000,32990000,G5,2025-01-01
655,1655,26000000,3190000,5840000,310000,35340000,G5,2025-01-01
656,1656,35950000,5410000,8490000,130000,49980000,G6,2025-01-01
657,1657,8860000,1580000,1050000,280000,11770000,G2,2025-01-01
658,1658,8230000,1420000,650000,170000,10470000,G2,2025-01-01
659,1659,13570000,2630000,2830000,70000,19100000,G3,2025-01-01
660,1660,7640000,1110000,1170000,160000,10080000,G2,2025-01-01
661,1661,22450000,4310000,3880000,470000,31110000,G5,2025-01-01
662,1662,6940000,970000,1990000,200000,10100000,G2,2025-01-01
663,1663,17000000,1960000,1200000,680000,20840000,G3,2025-01-01
664,1664,20710000,2730000,4700000,540000,28680000,G5,2025-01-01
665,1665,16850000,2510000,2150000,180000,21690000,G3,2025-01-01
666,1666,26000000,3540000,2800000,100000,32440000,G5,2025-01-01
667,1667,7300000,1320000,1230000,450000,10300000,G2,2025-01-01
668,1668,25570000,4440000,4820000,570000,35400000,G5,2025-01-01
669,1669,22290000,4180000,4830000,210000,31510000,G5,2025-01-01
670,1670,17020000,2490000,680000,330000,20520000,G3,2025-01-01
671,1671,15620000,2760000,2920000,50000,21350000,G3,2025-01-01
672,1672,8560000,1240000,870000,490000,11160000,G2,2025-01-01
673,1673,11960000,1390000,2700000,520000,16570000,G3,2025-01-01
674,1674,14080000,2110000,1600000,120000,17910000,G3,2025-01-01
675,1675,8080000,870000,1050000,380000,10380000,G2,2025-01-01
676,1676,12630000,1730000,2460000,110000,16930000,G3,2025-01-01
677,1677,8100000,1510000,1910000,290000,11810000,G2,2025-01-01
678,1678,14010000,2330000,2330000,160000,18830000,G3,2025-01-01
679,1679,14670000,2410000,1240000,440000,18760000,G3,2025-01-01
680,1680,20710000,1950000,890000,460000,24010000,G3,2025-01-01
681,1681,19000000,2270000,3700000,160000,25130000,G3,2025-01-01
682,1682,7520000,1180000,1660000,160000,10520000,G2,2025-01-01
683,1683,8250000,970000,660000,660000,10540000,G2,2025-01-01
684,1684,15840000,2390000,3680000,80000,21990000,G3,2025-01-01
685,1685,7940000,1130000,1190000,280000,10540000,G2,2025-01-01
686,1686,7000000,1070000,720000,380000,9170000,G2,2025-01-01
687,1687,8340000,1530000,1540000,30000,11440000,G2,2025-01-01
688,1688,18400000,3560000,2550000,370000,24880000,G3,2025-01-01
689,1689,17140000,2980000,2190000,280000,22590000,G3,2025-01-01
690,1690,18020000,3150000,3050000,510000,24730000,G3,2025-01-01
691,1691,23650000,2700000,5580000,570000,32500000,G5,2025-01-01
692,1692,13620000,2300000,800000,110000,16830000,G3,2025-01-01
693,1693,37690000,4830000,5540000,360000,48420000,G6,2025-01-01
694,1694,13720000,1530000,1980000,430000,17660000,G3,2025-01-01
695,1695,8120000,1290000,1400000,400000,11210000,G2,2025-01-01
696,1696,11490000,1380000,2260000,10000,15140000,G3,2025-01-01
697,1697,24130000,4190000,4800000,490000,33610000,G6,2025-01-01
698,1698,7770000,900000,910000,380000,9960000,G2,2025-01-01
699,1699,8020000,840000,1700000,190000,10750000,G2,2025-01-01
700,1700,7920000,790000,960000,480000,10150000,G2,2025-01-01
701,1701,19750000,3280000,3220000,430000,26680000,G3,2025-01-01
702,1702,40000000,4660000,5660000,310000,50630000,G6,2025-01-01
703,1703,12440000,2480000,1140000,610000,16670000,G3,2025-01-01
704,1704,28000000,5490000,2600000,340000,36430000,G6,2025-01-01
705,1705,10750000,1200000,1890000,380000,14220000,G3,2025-01-01
706,1706,8720000,1220000,620000,300000,10860000,G2,2025-01-01
707,1707,21320000,2290000,1730000,350000,25690000,G5,2025-01-01
708,1708,13190000,1520000,2430000,590000,17730000,G3,2025-01-01
709,1709,8630000,1260000,1470000,600000,11960000,G2,2025-01-01
710,1710,26230000,4550000,4990000,280000,36050000,G6,2025-01-01
711,1711,26000000,2710000,5230000,510000,34450000,G5,2025-01-01
712,1712,7590000,1470000,1170000,600000,10830000,G2,2025-01-01
713,1713,23460000,2640000,4020000,670000,30790000,G5,2025-01-01
714,1714,7710000,1040000,1300000,410000,10460000,G2,2025-01-01
715,1715,5620000,1100000,1220000,510000,8450000,G2,2025-01-01
716,1716,9500000,1620000,1190000,490000,12800000,G2,2025-01-01
717,1717,8480000,1370000,1020000,580000,11450000,G2,2025-01-01
718,1718,8080000,1220000,1320000,670000,11290000,G2,2025-01-01
719,1719,8840000,1270000,1570000,530000,12210000,G2,2025-01-01
720,1720,22330000,3590000,3100000,440000,29460000,G5,2025-01-01
721,1721,15230000,3030000,1690000,540000,20490000,G3,2025-01-01
722,1722,24210000,2430000,5000000,320000,31960000,G5,2025-01-01
723,1723,8050000,1360000,1770000,200000,11380000,G2,2025-01-01
724,1724,14830000,2390000,2240000,210000,19670000,G3,2025-01-01
725,1725,26000000,3950000,4580000,140000,34670000,G5,2025-01-01
726,1726,6190000,1790000,970000,410000,9360000,G2,2025-01-01
727,1727,11170000,1080000,1230000,360000,13840000,G2,2025-01-01
728,1728,17930000,3380000,1010000,280000,22600000,G3,2025-01-01
729,1729,21960000,3410000,5060000,10000,30440000,G5,2025-01-01
730,1730,26000000,3530000,1840000,160000,31530000,G5,2025-01-01
731,1731,14200000,2660000,2990000,230000,20080000,G3,2025-01-01
732,1732,15210000,2460000,3000000,180000,20850000,G3,2025-01-01
733,1733,11900000,1690000,2650000,10000,16250000,G3,2025-01-01
734,1734,14060000,1420000,700000,30000,16210000,G3,2025-01-01
735,1735,7670000,850000,1750000,540000,10810000,G2,2025-01-01
736,1736,40000000,7800000,5100000,70000,52970000,G6,2025-01-01
737,1737,7750000,1530000,1420000,630000,11330000,G2,2025-01-01
738,1738,28000000,4930000,6520000,640000,40090000,G6,2025-01-01
739,1739,14130000,2650000,2980000,20000,19780000,G3,2025-01-01
740,1740,8450000,1430000,500000,190000,10570000,G2,2025-01-01
741,1741,7160000,1150000,1700000,280000,10290000,G2,2025-01-01
742,1742,7970000,1520000,1040000,640000,11170000,G2,2025-01-01
743,1743,8660000,1550000,650000,230000,11090000,G2,2025-01-01
744,1744,22010000,2500000,5210000,540000,30260000,G5,2025-01-01
745,1745,22000000,2220000,2140000,650000,27010000,G5,2025-01-01
746,1746,9790000,1230000,1090000,630000,12740000,G2,2025-01-01
747,1747,21130000,2900000,2000000,310000,26340000,G3,2025-01-01
748,1748,8760000,1340000,990000,340000,11430000,G2,2025-01-01
749,1749,14290000,1930000,1000000,490000,17710000,G3,2025-01-01
750,1750,32470000,4060000,2450000,130000,39110000,G6,2025-01-01
751,1751,40000000,7120000,3890000,550000,51560000,G6,2025-01-01
752,1752,14800000,2110000,1540000,450000,18900000,G3,2025-01-01
753,1753,12540000,2150000,1430000,230000,16350000,G3,2025-01-01
754,1754,8640000,1590000,670000,600000,11500000,G2,2025-01-01
755,1755,15640000,2330000,2710000,310000,20990000,G3,2025-01-01
756,1756,28000000,4580000,3430000,420000,36430000,G6,2025-01-01
757,1757,40000000,4920000,4930000,150000,50000000,G6,2025-01-01
758,1758,20910000,3620000,4610000,210000,29350000,G3,2025-01-01
759,1759,12490000,1970000,2380000,690000,17530000,G3,2025-01-01
760,1760,23750000,3810000,1360000,160000,29080000,G5,2025-01-01
761,1761,16820000,2570000,2260000,610000,22260000,G3,2025-01-01
762,1762,17230000,2620000,2930000,130000,22910000,G3,2025-01-01
763,1763,13790000,2610000,2930000,390000,19720000,G3,2025-01-01
764,1764,9730000,1160000,1040000,390000,12320000,G2,2025-01-01
765,1765,32120000,3600000,6050000,290000,42060000,G6,2025-01-01
766,1766,6740000,830000,1430000,550000,9550000,G2,2025-01-01
767,1767,12720000,1730000,2380000,130000,16960000,G3,2025-01-01
768,1768,25960000,3840000,5150000,650000,35600000,G6,2025-01-01
769,1769,7880000,1570000,750000,570000,10770000,G2,2025-01-01
770,1770,13670000,1880000,2850000,180000,18580000,G3,2025-01-01
771,1771,20950000,3320000,1170000,30000,25470000,G5,2025-01-01
772,1772,28000000,3440000,1490000,630000,33560000,G6,2025-01-01
773,1773,7570000,830000,510000,420000,9330000,G2,2025-01-01
774,1774,7100000,1170000,910000,520000,9700000,G2,2025-01-01
775,1775,16910000,3280000,3680000,430000,24300000,G3,2025-01-01
776,1776,14930000,2850000,1850000,540000,20170000,G3,2025-01-01
777,1777,36290000,6370000,2730000,360000,45750000,G6,2025-01-01
778,1778,38260000,4100000,7620000,320000,50300000,G6,2025-01-01
779,1779,7110000,1160000,460000,100000,8830000,G2,2025-01-01
780,1780,15020000,2790000,3450000,320000,21580000,G3,2025-01-01
781,1781,40000000,7660000,4100000,230000,51990000,G6,2025-01-01
782,1782,39410000,5620000,7970000,110000,53110000,G6,2025-01-01
783,1783,8490000,1000000,790000,20000,10300000,G2,2025-01-01
784,1784,7860000,1210000,1610000,400000,11080000,G2,2025-01-01
785,1785,13280000,2230000,4940000,240000,20690000,G5,2025-01-01
786,1786,8070000,1310000,1880000,680000,11940000,G2,2025-01-01
787,1787,25230000,2790000,3620000,30000,31670000,G6,2025-01-01
788,1788,24970000,3550000,2290000,580000,31390000,G5,2025-01-01
789,1789,17560000,3060000,2770000,10000,23400000,G3,2025-01-01
790,1790,22000000,4040000,2500000,90000,28630000,G5,2025-01-01
791,1791,13500000,2130000,2800000,60000,18490000,G3,2025-01-01
792,1792,26050000,4100000,3770000,90000,34010000,G5,2025-01-01
793,1793,7090000,1010000,1170000,480000,9750000,G2,2025-01-01
794,1794,19640000,2950000,1470000,200000,24260000,G3,2025-01-01
795,1795,8780000,1280000,1140000,630000,11830000,G2,2025-01-01
796,1796,7990000,960000,1610000,100000,10660000,G2,2025-01-01
797,1797,20720000,3570000,2700000,170000,27160000,G5,2025-01-01
798,1798,7010000,710000,820000,230000,8770000,G2,2025-01-01
799,1799,28000000,3050000,4940000,200000,36190000,G6,2025-01-01
800,1800,16610000,2300000,2080000,410000,21400000,G3,2025-01-01
801,1801,14180000,1580000,1790000,170000,17720000,G3,2025-01-01
802,1802,17750000,2390000,3020000,330000,23490000,G3,2025-01-01
803,1803,18810000,3760000,3390000,290000,26250000,G3,2025-01-01
804,1804,14180000,1530000,3000000,180000,18890000,G3,2025-01-01
805,1805,7060000,1340000,1230000,490000,10120000,G2,2025-01-01
806,1806,7830000,1050000,1760000,440000,11080000,G2,2025-01-01
807,1807,30080000,2980000,1630000,130000,34820000,G6,2025-01-01
808,1808,8420000,1060000,1240000,150000,10870000,G2,2025-01-01
809,1809,22000000,2780000,2240000,190000,27210000,G5,2025-01-01
810,1810,12990000,1710000,1200000,20000,15920000,G3,2025-01-01
811,1811,8140000,1140000,1540000,600000,11420000,G2,2025-01-01
812,1812,24350000,4670000,3990000,120000,33130000,G5,2025-01-01
813,1813,26890000,4060000,5460000,610000,37020000,G6,2025-01-01
814,1814,20500000,2540000,4430000,230000,27700000,G3,2025-01-01
815,1815,26000000,2920000,2680000,140000,31740000,G5,2025-01-01
816,1816,7830000,1220000,580000,70000,9700000,G2,2025-01-01
817,1817,8190000,1410000,1770000,140000,11510000,G2,2025-01-01
818,1818,9090000,1730000,1380000,140000,12340000,G2,2025-01-01
819,1819,8670000,1310000,1700000,150000,11830000,G2,2025-01-01
820,1820,17270000,2860000,2210000,10000,22350000,G6,2025-01-01
821,1821,20500000,2320000,2620000,450000,25890000,G3,2025-01-01
822,1822,16510000,2230000,3430000,680000,22850000,G3,2025-01-01
823,1823,5570000,1390000,720000,60000,7740000,G2,2025-01-01
824,1824,6540000,940000,860000,200000,8540000,G2,2025-01-01
825,1825,7620000,1210000,1450000,70000,10350000,G2,2025-01-01
826,1826,8230000,1020000,1320000,50000,10620000,G2,2025-01-01
827,1827,7650000,1500000,1800000,100000,11050000,G2,2025-01-01
828,1828,17640000,3050000,2850000,110000,23650000,G3,2025-01-01
829,1829,13280000,1870000,1150000,260000,16560000,G3,2025-01-01
830,1830,21630000,2560000,1140000,580000,25910000,G5,2025-01-01
831,1831,9750000,1810000,2570000,440000,14570000,G3,2025-01-01
832,1832,15560000,2860000,3280000,40000,21740000,G5,2025-01-01
833,1833,20290000,3350000,1240000,650000,25530000,G5,2025-01-01
834,1834,10450000,1870000,1340000,560000,14220000,G3,2025-01-01
835,1835,18480000,2600000,2930000,20000,24030000,G3,2025-01-01
836,1836,16290000,1730000,2430000,100000,20550000,G3,2025-01-01
837,1837,8110000,1460000,760000,320000,10650000,G2,2025-01-01
838,1838,14330000,1680000,980000,140000,17130000,G3,2025-01-01
839,1839,12080000,1780000,790000,270000,14920000,G3,2025-01-01
840,1840,28000000,3510000,6270000,500000,38280000,G6,2025-01-01
841,1841,14080000,2110000,2310000,380000,18880000,G3,2025-01-01
842,1842,13130000,1910000,1460000,280000,16780000,G3,2025-01-01
843,1843,28000000,3640000,6200000,650000,38490000,G6,2025-01-01
844,1844,11430000,1600000,900000,130000,14060000,G3,2025-01-01
845,1845,15000000,4150000,4940000,470000,24560000,G5,2025-01-01
846,1846,21810000,2340000,3540000,620000,28310000,G3,2025-01-01
847,1847,23950000,3890000,2710000,160000,30710000,G3,2025-01-01
848,1848,8890000,1420000,980000,390000,11680000,G2,2025-01-01
849,1849,36690000,4930000,6910000,410000,48940000,G6,2025-01-01
850,1850,16660000,1840000,3060000,220000,21780000,G3,2025-01-01
851,1851,28000000,3280000,3810000,620000,35710000,G6,2025-01-01
852,1852,23220000,4190000,5270000,180000,32860000,G5,2025-01-01
853,1853,12850000,1950000,1730000,150000,16680000,G3,2025-01-01
854,1854,22380000,3410000,2520000,180000,28490000,G5,2025-01-01
855,1855,8130000,1270000,550000,400000,10350000,G2,2025-01-01
856,1856,28000000,4390000,1880000,210000,34480000,G6,2025-01-01
857,1857,13910000,2130000,2990000,630000,19660000,G3,2025-01-01
858,1858,7290000,1180000,1580000,550000,10600000,G2,2025-01-01
859,1859,28000000,4020000,3910000,670000,36600000,G6,2025-01-01
860,1860,24360000,3720000,2770000,300000,31150000,G6,2025-01-01
861,1861,7560000,1510000,680000,510000,10260000,G2,2025-01-01
862,1862,26830000,3110000,2650000,620000,33210000,G5,2025-01-01
863,1863,8510000,1170000,1780000,520000,11980000,G2,2025-01-01
864,1864,11580000,1870000,590000,360000,14400000,G3,2025-01-01
865,1865,23290000,2920000,3060000,0,29270000,G6,2025-01-01
866,1866,14060000,2200000,2790000,110000,19160000,G3,2025-01-01
867,1867,8040000,1170000,1740000,470000,11420000,G2,2025-01-01
868,1868,19160000,3290000,1130000,10000,23590000,G3,2025-01-01
869,1869,8500000,1570000,560000,600000,11230000,G2,2025-01-01
870,1870,12420000,1720000,720000,20000,14880000,G3,2025-01-01
871,1871,8340000,1070000,780000,300000,10490000,G2,2025-01-01
872,1872,14430000,2090000,3400000,370000,20290000,G3,2025-01-01
873,1873,15710000,2590000,2970000,230000,21500000,G3,2025-01-01
874,1874,12060000,1390000,650000,450000,14550000,G3,2025-01-01
875,1875,11440000,1380000,2320000,190000,15330000,G3,2025-01-01
876,1876,19410000,3060000,3290000,200000,25960000,G3,2025-01-01
877,1877,9290000,1340000,1800000,70000,12500000,G2,2025-01-01
878,1878,13850000,1410000,1080000,540000,16880000,G3,2025-01-01
879,1879,8280000,940000,780000,310000,10310000,G2,2025-01-01
880,1880,26700000,5240000,3420000,20000,35380000,G6,2025-01-01
881,1881,7290000,1230000,1680000,330000,10530000,G2,2025-01-01
882,1882,8340000,1180000,680000,650000,10850000,G2,2025-01-01
883,1883,7750000,840000,1350000,690000,10630000,G2,2025-01-01
884,1884,39180000,4340000,2870000,290000,46680000,G6,2025-01-01
885,1885,16100000,2140000,2620000,200000,21060000,G3,2025-01-01
886,1886,24060000,2550000,4100000,150000,30860000,G6,2025-01-01
887,1887,14360000,1620000,1410000,100000,17490000,G3,2025-01-01
888,1888,40000000,7630000,3600000,630000,51860000,G6,2025-01-01
889,1889,7660000,820000,520000,20000,9020000,G2,2025-01-01
890,1890,28000000,2830000,5520000,300000,36650000,G6,2025-01-01
891,1891,28000000,4850000,6850000,180000,39880000,G6,2025-01-01
892,1892,26000000,4300000,5950000,680000,36930000,G5,2025-01-01
893,1893,9040000,1250000,2200000,70000,12560000,G2,2025-01-01
894,1894,13290000,2280000,2790000,690000,19050000,G3,2025-01-01
895,1895,11580000,1460000,1390000,670000,15100000,G3,2025-01-01
896,1896,12280000,1430000,1390000,70000,15170000,G3,2025-01-01
897,1897,39850000,4720000,5600000,0,50170000,G6,2025-01-01
898,1898,7750000,1500000,1830000,550000,11630000,G2,2025-01-01
899,1899,13520000,1460000,3180000,620000,18780000,G3,2025-01-01
900,1900,22970000,3470000,5030000,550000,32020000,G6,2025-01-01
901,1901,10790000,1920000,1020000,150000,13880000,G3,2025-01-01
902,1902,8470000,1530000,940000,400000,11340000,G2,2025-01-01
903,1903,15220000,2000000,1590000,150000,18960000,G3,2025-01-01
904,1904,40000000,7020000,6380000,660000,54060000,G6,2025-01-01
905,1905,26000000,4790000,4440000,530000,35760000,G5,2025-01-01
906,1906,7510000,760000,980000,480000,9730000,G2,2025-01-01
907,1907,20230000,2270000,3720000,430000,26650000,G5,2025-01-01
908,1908,8490000,970000,850000,600000,10910000,G2,2025-01-01
909,1909,15100000,2400000,1620000,610000,19730000,G3,2025-01-01
910,1910,11680000,2450000,2700000,290000,17120000,G3,2025-01-01
911,1911,8600000,1530000,1030000,70000,11230000,G2,2025-01-01
912,1912,15980000,2900000,1980000,140000,21000000,G3,2025-01-01
913,1913,7800000,970000,440000,500000,9710000,G2,2025-01-01
914,1914,8530000,1210000,1830000,170000,11740000,G2,2025-01-01
915,1915,8940000,1350000,540000,40000,10870000,G2,2025-01-01
916,1916,8100000,1290000,1300000,410000,11100000,G2,2025-01-01
917,1917,15360000,2780000,870000,10000,19020000,G3,2025-01-01
918,1918,21810000,2710000,4360000,350000,29230000,G5,2025-01-01
919,1919,26000000,4040000,1540000,520000,32100000,G5,2025-01-01
920,1920,21880000,2530000,5420000,250000,30080000,G5,2025-01-01
921,1921,23780000,4090000,2420000,410000,30700000,G5,2025-01-01
922,1922,8610000,1310000,1920000,640000,12480000,G2,2025-01-01
923,1923,15830000,2120000,1860000,120000,19930000,G3,2025-01-01
924,1924,7560000,1160000,1690000,310000,10720000,G2,2025-01-01
925,1925,8690000,1390000,530000,160000,10770000,G2,2025-01-01
926,1926,15040000,2330000,2290000,550000,20210000,G3,2025-01-01
927,1927,14920000,1790000,2520000,530000,19760000,G3,2025-01-01
928,1928,18520000,3290000,2910000,340000,25060000,G3,2025-01-01
929,1929,26000000,4060000,1850000,630000,32540000,G5,2025-01-01
930,1930,7600000,1310000,1210000,550000,10670000,G2,2025-01-01
931,1931,7310000,860000,740000,610000,9520000,G2,2025-01-01
932,1932,7390000,1030000,640000,680000,9740000,G2,2025-01-01
933,1933,17060000,2360000,3140000,270000,22830000,G3,2025-01-01
934,1934,7510000,1110000,960000,310000,9890000,G2,2025-01-01
935,1935,40000000,4470000,6620000,690000,51780000,G6,2025-01-01
936,1936,7690000,1490000,520000,40000,9740000,G2,2025-01-01
937,1937,15730000,3080000,1740000,340000,20890000,G6,2025-01-01
938,1938,13520000,2620000,2880000,370000,19390000,G3,2025-01-01
939,1939,15410000,1870000,3080000,80000,20440000,G3,2025-01-01
940,1940,15060000,3260000,2290000,50000,20660000,G5,2025-01-01
941,1941,9530000,2050000,3050000,50000,14680000,G3,2025-01-01
942,1942,22930000,2520000,5330000,260000,31040000,G6,2025-01-01
943,1943,7750000,1540000,1470000,280000,11040000,G2,2025-01-01
944,1944,11350000,1370000,990000,220000,13930000,G2,2025-01-01
945,1945,10330000,1820000,2400000,290000,14840000,G3,2025-01-01
946,1946,19240000,3480000,3990000,600000,27310000,G3,2025-01-01
947,1947,15540000,2050000,3150000,600000,21340000,G3,2025-01-01
948,1948,8900000,1700000,1030000,70000,11700000,G2,2025-01-01
949,1949,7460000,1120000,880000,180000,9640000,G2,2025-01-01
950,1950,12680000,1540000,1560000,110000,15890000,G2,2025-01-01
951,1951,22000000,3870000,4810000,260000,30940000,G5,2025-01-01
952,1952,28000000,2900000,1760000,70000,32730000,G6,2025-01-01
953,1953,21260000,2390000,2700000,180000,26530000,G3,2025-01-01
954,1954,14190000,1750000,2600000,40000,18580000,G3,2025-01-01
955,1955,8450000,1290000,1730000,620000,12090000,G2,2025-01-01
956,1956,15580000,2880000,2980000,470000,21910000,G3,2025-01-01
957,1957,16870000,2120000,3380000,480000,22850000,G3,2025-01-01
958,1958,11000000,1710000,2380000,700000,15790000,G3,2025-01-01
959,1959,40000000,5780000,9140000,480000,55400000,G6,2025-01-01
960,1960,21580000,3680000,5150000,150000,30560000,G3,2025-01-01
961,1961,8940000,1510000,1090000,90000,11630000,G2,2025-01-01
962,1962,6970000,1030000,420000,630000,9050000,G2,2025-01-01
963,1963,8900000,1720000,2210000,410000,13240000,G2,2025-01-01
964,1964,8020000,1100000,780000,0,9900000,G2,2025-01-01
965,1965,8100000,1300000,640000,140000,10180000,G2,2025-01-01
966,1966,14910000,2380000,2090000,670000,20050000,G3,2025-01-01
967,1967,9140000,1590000,1210000,40000,11980000,G2,2025-01-01
968,1968,21100000,3610000,2510000,110000,27330000,G5,2025-01-01
969,1969,9310000,1160000,1920000,180000,12570000,G2,2025-01-01
970,1970,16720000,2930000,1270000,510000,21430000,G3,2025-01-01
971,1971,26630000,4380000,3900000,70000,34980000,G6,2025-01-01
972,1972,14780000,2790000,2000000,80000,19650000,G3,2025-01-01
973,1973,13460000,1740000,2330000,380000,17910000,G3,2025-01-01
974,1974,8420000,1330000,810000,260000,10820000,G2,2025-01-01
975,1975,8680000,870000,1450000,560000,11560000,G2,2025-01-01
976,1976,12610000,3070000,3790000,560000,20030000,G3,2025-01-01
977,1977,28000000,3320000,3630000,350000,35300000,G6,2025-01-01
978,1978,11390000,1780000,2380000,620000,16170000,G3,2025-01-01
979,1979,6240000,1320000,840000,620000,9020000,G2,2025-01-01
980,1980,8870000,920000,1480000,150000,11420000,G2,2025-01-01
981,1981,13600000,1740000,2250000,600000,18190000,G3,2025-01-01
982,1982,11470000,2040000,1570000,170000,15250000,G3,2025-01-01
983,1983,9260000,960000,1200000,650000,12070000,G2,2025-01-01
984,1984,26000000,4490000,5550000,390000,36430000,G5,2025-01-01
985,1985,16300000,2000000,2320000,110000,20730000,G3,2025-01-01
986,1986,13680000,1590000,2250000,580000,18100000,G3,2025-01-01
987,1987,7610000,1350000,1620000,40000,10620000,G2,2025-01-01
988,1988,21740000,3580000,4670000,320000,30310000,G3,2025-01-01
989,1989,23370000,2820000,3460000,440000,30090000,G5,2025-01-01
990,1990,28000000,2800000,6210000,300000,37310000,G6,2025-01-01
991,1991,12290000,1680000,1630000,610000,16210000,G3,2025-01-01
992,1992,40000000,7690000,6520000,590000,54800000,G6,2025-01-01
993,1993,16200000,1750000,2010000,580000,20540000,G3,2025-01-01
994,1994,19000000,2430000,3010000,640000,25080000,G3,2025-01-01
995,1995,7490000,1470000,740000,120000,9820000,G2,2025-01-01
996,1996,40000000,4620000,4990000,460000,50070000,G6,2025-01-01
997,1997,26000000,4210000,5090000,690000,35990000,G5,2025-01-01
998,1998,13960000,1440000,3090000,410000,18900000,G3,2025-01-01
999,1999,23220000,4140000,4060000,530000,31950000,G5,2025-01-01
1000,2000,24430000,3040000,5710000,410000,33590000,G6,2025-01-01
